Name,CriticalPathDistance,Depth,NumNeighbours
intolairofslobbertoothkobolds,0,0,2
intolairofslobbertoothkobolds,1,1,1
intolairofslobbertoothkobolds,1,1,2
intolairofslobbertoothkobolds,0,1,4
intolairofslobbertoothkobolds,0,2,1
intolairofslobbertoothkobolds,0,0,2
intolairofslobbertoothkobolds,2,2,2
intolairofslobbertoothkobolds,1,1,2
abbeyofsaintwilk,0,0,1
abbeyofsaintwilk,0,1,2
abbeyofsaintwilk,1,2,4
abbeyofsaintwilk,2,3,1
abbeyofsaintwilk,1,3,1
abbeyofsaintwilk,0,2,3
abbeyofsaintwilk,1,3,4
abbeyofsaintwilk,0,3,3
abbeyofsaintwilk,1,4,1
abbeyofsaintwilk,0,4,3
abbeyofsaintwilk,0,5,2
abbeyofsaintwilk,0,6,2
abbeyofsaintwilk,0,7,1
tomeofhorrors,0,0,1
tomeofhorrors,0,1,2
tomeofhorrors,0,2,4
tomeofhorrors,1,3,1
tomeofhorrors,1,3,3
tomeofhorrors,2,4,2
tomeofhorrors,3,5,1
tomeofhorrors,0,3,4
tomeofhorrors,1,4,1
tomeofhorrors,0,4,2
tomeofhorrors,0,5,1
kingsscepter,0,0,1
kingsscepter,1,2,1
kingsscepter,1,2,1
kingsscepter,0,2,1
kingsscepter,1,2,2
kingsscepter,0,1,4
awakening,0,0,1
awakening,0,1,5
awakening,1,2,1
awakening,1,2,1
awakening,0,3,2
awakening,1,3,2
whatliesbeneathwell,0,0,3
whatliesbeneathwell,0,1,4
whatliesbeneathwell,0,2,1
whatliesbeneathwell,1,1,1
whatliesbeneathwell,2,2,1
whatliesbeneathwell,1,1,3
whatliesbeneathwell,1,2,1
whatliesbeneathwell,1,2,1
whatliesbeneathwell,2,2,4
whatliesbeneathwell,3,3,1
whatliesbeneathwell,3,3,1
whatliesbeneathwell,3,3,1
forgottentemple,0,0,1
forgottentemple,0,1,3
forgottentemple,1,2,1
forgottentemple,1,2,1
forgottentemple,1,2,1
forgottentemple,0,3,3
forgottentemple,1,4,1
forgottentemple,0,4,3
forgottentemple,0,5,2
forgottentemple,0,6,4
forgottentemple,1,7,1
forgottentemple,1,7,2
forgottentemple,2,7,1
forgottentemple,0,8,2
forgottentemple,0,9,2
forgottentemple,0,10,2
forgottentemple,0,11,2
forgottentemple,0,12,2
forgottentemple,1,13,1
yesterdaysdungeontomorrow,0,0,1
yesterdaysdungeontomorrow,0,1,2
yesterdaysdungeontomorrow,1,2,1
yesterdaysdungeontomorrow,1,2,1
yesterdaysdungeontomorrow,1,3,2
yesterdaysdungeontomorrow,0,3,3
yesterdaysdungeontomorrow,0,4,1
statuarygardenoflitomancer,0,0,1
statuarygardenoflitomancer,0,1,2
statuarygardenoflitomancer,1,2,2
statuarygardenoflitomancer,0,2,3
statuarygardenoflitomancer,0,3,7
statuarygardenoflitomancer,1,4,1
statuarygardenoflitomancer,1,4,1
statuarygardenoflitomancer,1,4,1
statuarygardenoflitomancer,1,4,2
statuarygardenoflitomancer,0,5,3
statuarygardenoflitomancer,1,5,2
statuarygardenoflitomancer,2,4,3
statuarygardenoflitomancer,1,4,3
statuarygardenoflitomancer,1,3,3
dontwakedragon,0,0,5
dontwakedragon,1,1,3
dontwakedragon,0,1,3
dontwakedragon,0,2,2
dontwakedragon,0,3,1
dontwakedragon,2,2,3
dontwakedragon,1,1,2
dontwakedragon,1,1,2
dontwakedragon,1,1,2
dontwakedragon,2,2,2
dontwakedragon,3,3,1
onepageadungeon,0,0,4
onepageadungeon,1,1,1
onepageadungeon,0,1,2
onepageadungeon,0,2,4
onepageadungeon,0,3,1
onepageadungeon,1,3,1
onepageadungeon,1,1,2
onepageadungeon,1,1,2
onepageadungeon,2,2,1
dragonslantern,0,0,3
dragonslantern,1,1,2
dragonslantern,0,1,5
dragonslantern,1,1,4
dragonslantern,2,2,4
dragonslantern,3,3,1
dragonslantern,2,2,2
dragonslantern,0,2,5
dragonslantern,3,3,2
dragonslantern,0,3,1
fortressruby,0,0,2
fortressruby,0,1,3
fortressruby,1,2,3
fortressruby,2,3,1
fortressruby,2,3,2
fortressruby,1,2,2
fortressruby,0,2,2
fortressruby,0,3,2
fortressruby,0,4,2
fortressruby,0,5,2
fortressruby,0,6,4
fortressruby,0,7,2
fortressruby,0,8,1
ratatwill,0,0,1
ratatwill,0,1,2
ratatwill,0,2,2
ratatwill,0,3,2
ratatwill,0,4,2
ratatwill,0,5,5
ratatwill,1,6,1
ratatwill,0,8,2
ratatwill,0,7,2
ratatwill,0,6,2
ratatwill,1,6,1
ratatwill,2,7,1
ratatwill,1,6,2
ratatwill,1,6,1
ratatwill,0,9,1
siknholeofspidercult,0,0,1
siknholeofspidercult,1,2,3
siknholeofspidercult,0,1,5
siknholeofspidercult,1,2,2
siknholeofspidercult,0,3,4
siknholeofspidercult,0,3,3
siknholeofspidercult,0,2,3
siknholeofspidercult,0,2,2
siknholeofspidercult,0,4,2
siknholeofspidercult,0,5,1
frankensteinleviathan,0,0,3
frankensteinleviathan,1,1,2
frankensteinleviathan,2,2,2
frankensteinleviathan,2,3,2
frankensteinleviathan,1,3,2
frankensteinleviathan,0,1,3
frankensteinleviathan,1,1,3
frankensteinleviathan,1,2,2
frankensteinleviathan,1,3,2
frankensteinleviathan,2,4,1
frankensteinleviathan,0,2,6
frankensteinleviathan,1,3,1
frankensteinleviathan,0,3,2
frankensteinleviathan,0,4,1
flightofmoonbees,0,0,1
flightofmoonbees,0,1,4
flightofmoonbees,0,2,3
flightofmoonbees,0,3,3
flightofmoonbees,0,4,2
flightofmoonbees,0,5,1
flightofmoonbees,1,2,1
flightofmoonbees,1,2,2
flightofmoonbees,1,4,1
secretsofmenhirs1,0,0,1
secretsofmenhirs1,1,1,1
secretsofmenhirs2,0,0,5
secretsofmenhirs2,1,1,1
secretsofmenhirs2,1,1,1
secretsofmenhirs2,1,1,1
secretsofmenhirs2,1,1,1
secretsofmenhirs2,0,1,1
secretsofmenhirs3,0,0,2
secretsofmenhirs3,1,1,1
secretsofmenhirs3,0,1,1
secretsofmenhirs4,0,0,3
secretsofmenhirs4,0,1,4
secretsofmenhirs4,0,2,1
secretsofmenhirs4,1,1,1
secretsofmenhirs4,1,1,1
secretsofmenhirs4,1,2,1
secretsofmenhirs4,1,2,1
golemlikeyouseeem,0,0,2
golemlikeyouseeem,1,1,2
golemlikeyouseeem,1,2,2
golemlikeyouseeem,0,3,4
golemlikeyouseeem,1,4,3
golemlikeyouseeem,0,4,2
golemlikeyouseeem,1,5,3
golemlikeyouseeem,0,4,3
golemlikeyouseeem,0,3,3
golemlikeyouseeem,1,4,1
golemlikeyouseeem,0,2,3
golemlikeyouseeem,1,3,2
golemlikeyouseeem,0,1,2
lostlairoflorethianshaar,0,0,2
lostlairoflorethianshaar,0,1,2
lostlairoflorethianshaar,1,1,2
lostlairoflorethianshaar,0,2,4
lostlairoflorethianshaar,1,2,4
lostlairoflorethianshaar,0,3,2
lostlairoflorethianshaar,1,3,3
lostlairoflorethianshaar,2,3,2
lostlairoflorethianshaar,0,4,3
rivergorgegauntlet,0,0,1
rivergorgegauntlet,1,5,1
rivergorgegauntlet,0,1,2
rivergorgegauntlet,0,2,2
rivergorgegauntlet,0,4,4
rivergorgegauntlet,0,3,3
rivergorgegauntlet,1,5,5
rivergorgegauntlet,2,6,1
rivergorgegauntlet,2,6,1
rivergorgegauntlet,2,6,1
rivergorgegauntlet,0,5,3
rivergorgegauntlet,1,6,1
rivergorgegauntlet,0,6,4
rivergorgegauntlet,1,7,1
rivergorgegauntlet,1,7,1
rivergorgegauntlet,0,7,2
rivergorgegauntlet,1,8,1
elfbane,0,0,1
elfbane,0,1,2
elfbane,0,2,4
elfbane,1,3,1
elfbane,1,3,3
elfbane,2,4,1
elfbane,2,4,1
elfbane,0,3,2
elfbane,0,4,2
elfbane,1,5,1
assaultonmordakspalace,0,0,1
assaultonmordakspalace,0,1,2
assaultonmordakspalace,0,2,2
assaultonmordakspalace,0,3,4
assaultonmordakspalace,1,4,2
assaultonmordakspalace,2,5,2
assaultonmordakspalace,3,6,1
assaultonmordakspalace,1,4,2
assaultonmordakspalace,0,4,8
assaultonmordakspalace,1,5,1
assaultonmordakspalace,1,5,1
assaultonmordakspalace,1,5,1
assaultonmordakspalace,1,5,1
assaultonmordakspalace,1,5,1
assaultonmordakspalace,0,5,3
assaultonmordakspalace,1,6,2
assaultonmordakspalace,0,6,2
assaultonmordakspalace,2,7,1
assaultonmordakspalace,0,7,1
lostincoldblesscaves,0,0,3
lostincoldblesscaves,0,1,2
lostincoldblesscaves,0,2,2
lostincoldblesscaves,0,3,3
lostincoldblesscaves,0,4,2
lostincoldblesscaves,1,4,3
lostincoldblesscaves,2,4,3
lostincoldblesscaves,1,4,5
lostincoldblesscaves,2,5,1
lostincoldblesscaves,3,3,3
lostincoldblesscaves,4,2,3
lostincoldblesscaves,5,1,2
lostincoldblesscaves,5,1,2
werealltrappedinthistoger,1,2,3
werealltrappedinthistoger,0,3,4
werealltrappedinthistoger,1,1,3
werealltrappedinthistoger,0,1,4
werealltrappedinthistoger,2,4,3
werealltrappedinthistoger,0,2,4
werealltrappedinthistoger,1,1,4
werealltrappedinthistoger,0,4,1
werealltrappedinthistoger,0,3,3
werealltrappedinthistoger,0,0,3
infestation,0,0,2
infestation,0,1,2
infestation,1,1,2
infestation,2,2,2
infestation,3,3,3
infestation,4,4,2
infestation,3,4,3
infestation,2,5,3
infestation,3,6,2
infestation,4,7,1
infestation,1,5,2
infestation,0,4,3
infestation,0,3,3
infestation,1,4,1
infestation,0,2,2
infestation,0,5,2
infestation,0,6,3
infestation,1,7,3
infestation,2,8,2
infestation,3,9,2
infestation,2,8,2
infestation,0,7,2
infestation,0,8,1
colony,0,0,1
colony,0,1,4
colony,1,2,1
colony,0,2,3
colony,0,3,2
colony,0,4,1
colony,1,3,2
colony,1,2,2
colony,2,4,1
colony,2,3,1
dorgotardungeon,0,0,5
dorgotardungeon,1,1,1
dorgotardungeon,1,1,1
dorgotardungeon,1,1,1
dorgotardungeon,1,1,1
dorgotardungeon,0,1,3
dorgotardungeon,1,2,2
dorgotardungeon,0,2,2
staffofshiftingsands,0,0,3
staffofshiftingsands,1,1,2
staffofshiftingsands,1,1,1
staffofshiftingsands,2,2,1
staffofshiftingsands,0,1,3
staffofshiftingsands,1,2,1
staffofshiftingsands,0,2,2
staffofshiftingsands,0,3,2
staffofshiftingsands,0,4,1
senselesspursuits,0,0,1
senselesspursuits,0,1,2
senselesspursuits,0,2,2
senselesspursuits,0,3,2
senselesspursuits,0,4,4
senselesspursuits,1,5,2
senselesspursuits,0,5,2
senselesspursuits,1,5,2
senselesspursuits,0,6,4
senselesspursuits,0,7,1
madartificier,0,0,1
madartificier,0,1,2
madartificier,0,2,4
madartificier,1,3,2
madartificier,1,3,2
madartificier,0,3,4
madartificier,0,4,3
madartificier,1,5,1
madartificier,0,5,2
madartificier,0,6,1
anawakeningatoldwell,0,0,2
anawakeningatoldwell,1,1,4
anawakeningatoldwell,1,2,2
anawakeningatoldwell,2,2,1
anawakeningatoldwell,1,2,1
anawakeningatoldwell,0,1,4
anawakeningatoldwell,0,2,1
anawakeningatoldwell,2,2,1
anawakeningatoldwell,2,2,2
brokensepulcher,0,0,6
brokensepulcher,1,1,5
brokensepulcher,1,1,4
brokensepulcher,2,2,1
brokensepulcher,2,2,1
brokensepulcher,2,2,2
brokensepulcher,2,3,1
brokensepulcher,2,2,1
brokensepulcher,1,1,4
brokensepulcher,1,1,3
brokensepulcher,2,2,3
brokensepulcher,3,3,1
brokensepulcher,2,2,2
brokensepulcher,1,2,3
brokensepulcher,0,2,3
brokensepulcher,0,1,3
brokensepulcher,1,1,5
brokensepulcher,2,2,1
brokensepulcher,2,2,1
brokensepulcher,2,2,1
brokensepulcher,0,3,5
brokensepulcher,1,4,1
brokensepulcher,1,4,1
brokensepulcher,1,4,1
brokensepulcher,0,5,2
brokensepulcher,0,6,1
saltandsink,0,0,2
saltandsink,1,1,2
saltandsink,0,1,2
saltandsink,3,3,2
saltandsink,2,2,3
saltandsink,3,3,2
saltandsink,4,4,3
saltandsink,3,5,2
saltandsink,5,5,1
saltandsink,2,4,3
saltandsink,0,3,3
saltandsink,1,4,3
saltandsink,1,5,2
saltandsink,0,4,2
saltandsink,0,2,4
saltandsink,1,3,2
saltandsink,1,3,2
awhaleoftime,0,0,1
awhaleoftime,0,1,4
awhaleoftime,0,2,3
awhaleoftime,0,3,1
awhaleoftime,0,2,2
awhaleoftime,1,2,3
awhaleoftime,2,3,1
awhaleoftime,2,3,1
abadfrogbargain,0,0,3
abadfrogbargain,0,1,2
abadfrogbargain,1,1,2
abadfrogbargain,1,1,1
abadfrogbargain,0,2,2
crossmyheartandhopeyoudie,0,0,5
crossmyheartandhopeyoudie,0,1,2
crossmyheartandhopeyoudie,1,3,2
crossmyheartandhopeyoudie,1,2,6
crossmyheartandhopeyoudie,2,3,1
crossmyheartandhopeyoudie,2,3,1
crossmyheartandhopeyoudie,2,3,1
crossmyheartandhopeyoudie,2,3,1
crossmyheartandhopeyoudie,0,0,3
crossmyheartandhopeyoudie,1,1,4
crossmyheartandhopeyoudie,2,2,4
crossmyheartandhopeyoudie,3,3,1
crossmyheartandhopeyoudie,3,3,1
crossmyheartandhopeyoudie,2,2,6
crossmyheartandhopeyoudie,3,3,1
crossmyheartandhopeyoudie,3,3,1
crossmyheartandhopeyoudie,3,3,1
crossmyheartandhopeyoudie,3,3,2
crossmyheartandhopeyoudie,3,3,2
crossmyheartandhopeyoudie,2,2,2
crossmyheartandhopeyoudie,1,3,2
crossmyheartandhopeyoudie,1,4,1
crossmyheartandhopeyoudie,1,4,1
crossmyheartandhopeyoudie,0,3,4
crossmyheartandhopeyoudie,1,1,1
deadquiet,0,0,2
deadquiet,1,1,2
deadquiet,0,1,7
deadquiet,1,2,2
deadquiet,1,2,2
deadquiet,0,2,2
deadquiet,1,2,1
deadquiet,1,2,2
templeofmoonpriests,1,1,3
templeofmoonpriests,1,2,4
templeofmoonpriests,1,2,4
templeofmoonpriests,0,0,2
templeofmoonpriests,0,1,2
templeofmoonpriests,0,2,5
templeofmoonpriests,0,4,2
templeofmoonpriests,0,3,3
templeofmoonpriests,0,4,1
templeofmoonpriests,0,3,3
templeofmoonpriests,1,3,2
templeofmoonpriests,2,3,1
coloroffungi,0,0,1
coloroffungi,0,1,4
coloroffungi,1,2,2
coloroffungi,2,3,2
coloroffungi,2,4,2
coloroffungi,1,4,3
coloroffungi,2,5,1
coloroffungi,0,3,2
coloroffungi,0,2,3
coloroffungi,1,2,2
mermaidsknot,0,0,1
mermaidsknot,0,1,2
mermaidsknot,0,2,3
mermaidsknot,1,3,3
mermaidsknot,2,4,1
mermaidsknot,0,3,2
mermaidsknot,2,4,2
mermaidsknot,1,5,2
mermaidsknot,0,4,1
wherearevillagers,0,0,9
wherearevillagers,0,1,2
wherearevillagers,1,1,1
wherearevillagers,1,1,1
wherearevillagers,0,2,1
wherearevillagers,1,1,2
wherearevillagers,2,2,1
wherearevillagers,0,1,3
wherearevillagers,1,2,1
wherearevillagers,0,2,2
wherearevillagers,1,3,1
wherearevillagers,1,1,2
wherearevillagers,2,2,1
wherearevillagers,1,1,2
wherearevillagers,2,2,2
wherearevillagers,3,3,1
wherearevillagers,1,1,2
wherearevillagers,2,2,2
wherearevillagers,3,3,1
wherearevillagers,1,1,3
wherearevillagers,2,2,1
wherearevillagers,2,2,1
ofnosmallpower,0,0,1
ofnosmallpower,0,1,2
ofnosmallpower,0,2,3
ofnosmallpower,0,3,4
ofnosmallpower,1,4,1
ofnosmallpower,1,4,2
ofnosmallpower,2,5,1
ofnosmallpower,0,4,3
ofnosmallpower,1,3,2
ofnosmallpower,1,5,1
thaw,0,0,2
thaw,0,1,1
thaw,0,1,6
thaw,1,2,2
thaw,1,2,2
thaw,2,3,1
thaw,1,2,4
thaw,1,2,4
thaw,2,3,6
thaw,3,4,2
thaw,2,3,5
thaw,3,4,2
thaw,3,5,2
thaw,2,5,3
thaw,2,5,2
thaw,1,4,4
thaw,0,2,5
thaw,1,3,1
thaw,2,4,2
thaw,1,3,4
thaw,0,3,2
thaw,3,4,1
thaw,3,4,1
chambersofdreadthrall,0,0,3
chambersofdreadthrall,0,1,2
chambersofdreadthrall,1,1,2
chambersofdreadthrall,1,1,1
chambersofdreadthrall,2,2,2
chambersofdreadthrall,0,2,2
chambersofdreadthrall,1,3,2
chambersofdreadthrall,0,3,1
sepulcheofabyss,0,0,1
sepulcheofabyss,0,1,2
sepulcheofabyss,1,2,2
sepulcheofabyss,0,2,3
sepulcheofabyss,1,3,2
sepulcheofabyss,0,3,2
sepulcheofabyss,0,4,2
sepulcheofabyss,0,5,1
quintesentialdungeon,0,0,2
quintesentialdungeon,0,1,2
quintesentialdungeon,1,1,3
quintesentialdungeon,2,2,1
quintesentialdungeon,0,2,3
quintesentialdungeon,0,2,4
quintesentialdungeon,1,3,3
quintesentialdungeon,1,4,2
quintesentialdungeon,0,3,5
quintesentialdungeon,0,4,1
quintesentialdungeon,0,3,3
quintesentialdungeon,0,4,2
quintesentialdungeon,1,3,3
quintesentialdungeon,0,3,5
quintesentialdungeon,1,4,1
quintesentialdungeon,1,4,2
quintesentialdungeon,0,4,2
astolensong,0,0,1
astolensong,0,1,2
astolensong,0,2,4
astolensong,1,3,1
astolensong,1,3,2
astolensong,1,4,2
astolensong,0,3,3
astolensong,0,4,2
astolensong,1,6,1
astolensong,1,6,2
astolensong,0,5,5
astolensong,1,6,2
astolensong,0,6,1
heist,0,0,4
heist,1,1,4
heist,0,1,4
heist,1,1,4
heist,1,1,1
heist,1,2,4
heist,1,2,5
heist,2,3,2
heist,0,3,5
heist,0,4,2
heist,0,5,2
heist,0,6,1
deathcultking,1,2,3
deathcultking,0,1,4
deathcultking,1,2,2
deathcultking,2,3,2
deathcultking,2,2,5
deathcultking,3,3,1
deathcultking,2,2,2
deathcultking,1,1,3
deathcultking,0,0,3
deathcultking,1,1,4
deathcultking,0,2,1
darkcoven,0,0,1
darkcoven,0,1,3
darkcoven,1,2,1
darkcoven,1,2,2
darkcoven,0,2,2
atroubledmind,0,0,6
atroubledmind,1,1,1
atroubledmind,1,1,1
atroubledmind,0,1,4
atroubledmind,1,1,4
atroubledmind,1,1,3
atroubledmind,1,1,4
atroubledmind,0,2,5
atroubledmind,2,2,3
atroubledmind,3,3,1
atroubledmind,1,2,4
atroubledmind,1,3,3
atroubledmind,0,3,4
atroubledmind,0,4,1
princessfrog,0,0,6
princessfrog,1,1,5
princessfrog,1,1,4
princessfrog,1,1,4
princessfrog,1,1,4
princessfrog,2,2,1
princessfrog,0,1,3
princessfrog,1,2,3
princessfrog,2,3,1
princessfrog,2,3,1
princessfrog,0,2,1
princessfrog,1,1,3
islandoflizardgod,0,0,2
islandoflizardgod,1,1,2
islandoflizardgod,0,2,3
islandoflizardgod,0,1,2
islandoflizardgod,0,3,3
islandoflizardgod,1,4,2
islandoflizardgod,1,5,1
islandoflizardgod,0,4,4
islandoflizardgod,0,5,3
islandoflizardgod,1,6,2
islandoflizardgod,1,7,3
islandoflizardgod,0,6,3
islandoflizardgod,0,7,3
islandoflizardgod,1,8,2
islandoflizardgod,0,8,1
revengeofxaarzuul,0,0,1
revengeofxaarzuul,0,1,2
revengeofxaarzuul,0,2,5
revengeofxaarzuul,1,3,2
revengeofxaarzuul,1,3,2
revengeofxaarzuul,1,3,2
revengeofxaarzuul,1,3,2
revengeofxaarzuul,0,3,5
revengeofxaarzuul,1,4,1
revengeofxaarzuul,1,4,3
revengeofxaarzuul,1,4,2
revengeofxaarzuul,0,5,4
revengeofxaarzuul,1,6,1
revengeofxaarzuul,0,6,2
revengeofxaarzuul,0,7,2
revengeofxaarzuul,0,8,1
longfall,0,0,3
longfall,1,1,2
longfall,2,2,2
longfall,3,3,3
longfall,4,4,1
longfall,2,3,2
longfall,1,2,3
longfall,0,1,6
longfall,1,2,2
longfall,1,2,1
longfall,1,1,3
longfall,2,2,2
longfall,0,2,3
longfall,1,3,2
longfall,0,3,1
crucible,0,0,1
crucible,0,1,3
crucible,1,2,1
crucible,0,2,2
crucible,0,3,2
crucible,0,4,3
crucible,1,5,2
crucible,0,5,2
amongdeadmen,1,3,4
amongdeadmen,2,4,1
amongdeadmen,2,4,1
amongdeadmen,0,1,2
amongdeadmen,0,2,3
amongdeadmen,0,3,3
amongdeadmen,1,4,1
amongdeadmen,0,4,1
amongdeadmen,0,0,1
amongdeadmen,2,4,1
arenaofblood,0,0,2
arenaofblood,0,1,3
arenaofblood,1,1,2
arenaofblood,3,3,2
arenaofblood,1,2,3
arenaofblood,2,2,6
arenaofblood,3,3,3
arenaofblood,0,2,3
arenaofblood,1,3,3
arenaofblood,2,4,1
arenaofblood,2,3,3
arenaofblood,1,4,2
arenaofblood,0,3,5
arenaofblood,1,4,3
arenaofblood,2,5,1
arenaofblood,0,4,2
ironcloud,0,0,2
ironcloud,0,1,6
ironcloud,1,1,3
ironcloud,1,2,3
ironcloud,2,3,2
ironcloud,2,2,2
ironcloud,1,2,4
ironcloud,3,4,4
ironcloud,2,3,3
ironcloud,1,2,3
ironcloud,2,3,3
ironcloud,3,4,2
ironcloud,4,4,1
ironcloud,3,3,4
ironcloud,0,2,2
intodemonidol,0,0,1
intodemonidol,0,1,2
intodemonidol,0,2,2
intodemonidol,0,3,5
intodemonidol,1,4,1
intodemonidol,0,4,3
intodemonidol,1,4,3
intodemonidol,1,4,3
moundofgillardwolfclan,0,0,1
moundofgillardwolfclan,0,1,3
moundofgillardwolfclan,0,2,3
moundofgillardwolfclan,1,2,2
moundofgillardwolfclan,0,3,2
moundofgillardwolfclan,0,4,3
moundofgillardwolfclan,1,5,1
moundofgillardwolfclan,0,5,2
moundofgillardwolfclan,0,6,1
girlygirldungeon,0,0,2
girlygirldungeon,0,1,2
girlygirldungeon,1,1,2
girlygirldungeon,2,2,2
girlygirldungeon,0,2,2
girlygirldungeon,0,3,2
girlygirldungeon,1,3,2
girlygirldungeon,0,4,3
girlygirldungeon,0,5,2
girlygirldungeon,0,6,1
stolenspring,0,0,3
stolenspring,1,1,3
stolenspring,1,1,3
stolenspring,0,1,4
stolenspring,1,2,1
somethinghappenedattempleneargorunm,0,0,6
somethinghappenedattempleneargorunm,1,1,1
somethinghappenedattempleneargorunm,1,1,2
somethinghappenedattempleneargorunm,1,1,1
somethinghappenedattempleneargorunm,1,1,2
somethinghappenedattempleneargorunm,1,1,1
somethinghappenedattempleneargorunm,1,1,4
somethinghappenedattempleneargorunm,2,2,4
somethinghappenedattempleneargorunm,2,2,2
somethinghappenedattempleneargorunm,2,2,1
somethinghappenedattempleneargorunm,3,3,2
somethinghappenedattempleneargorunm,3,3,2
somethinghappenedattempleneargorunm,3,3,1
somethinghappenedattempleneargorunm,4,4,1
somethinghappenedattempleneargorunm,4,4,1
somethinghappenedattempleneargorunm,2,2,3
somethinghappenedattempleneargorunm,3,3,1
somethinghappenedattempleneargorunm,0,1,7
somethinghappenedattempleneargorunm,1,2,3
somethinghappenedattempleneargorunm,1,2,3
somethinghappenedattempleneargorunm,1,2,3
somethinghappenedattempleneargorunm,1,2,3
somethinghappenedattempleneargorunm,1,2,4
somethinghappenedattempleneargorunm,2,3,1
somethinghappenedattempleneargorunm,0,2,2
somethinghappenedattempleneargorunm,0,3,1
citadelofceveredhand,0,0,1
citadelofceveredhand,0,1,2
citadelofceveredhand,0,2,5
citadelofceveredhand,1,3,4
citadelofceveredhand,1,3,2
citadelofceveredhand,1,3,4
citadelofceveredhand,2,4,1
citadelofceveredhand,2,4,2
citadelofceveredhand,2,4,1
citadelofceveredhand,2,4,2
citadelofceveredhand,1,4,3
citadelofceveredhand,0,3,2
citadelofceveredhand,2,5,1
balefulspring,0,0,2
balefulspring,0,1,6
balefulspring,1,2,3
balefulspring,1,2,2
balefulspring,1,2,2
balefulspring,0,2,2
balefulspring,0,3,1
balefulspring,1,1,2
balefulspring,1,2,3
balefulspring,2,3,2
balefulspring,3,4,1
returnofhecaterose,0,0,3
returnofhecaterose,1,1,3
returnofhecaterose,1,1,3
returnofhecaterose,0,1,7
returnofhecaterose,1,2,6
returnofhecaterose,1,2,6
returnofhecaterose,1,2,6
returnofhecaterose,1,2,6
returnofhecaterose,1,3,5
returnofhecaterose,0,3,5
splashdowninfiendsfen,0,0,3
splashdowninfiendsfen,1,1,2
splashdowninfiendsfen,2,2,2
splashdowninfiendsfen,2,2,2
splashdowninfiendsfen,1,1,2
splashdowninfiendsfen,0,1,1
watergenievsundeadmermaidgladiator,0,0,5
watergenievsundeadmermaidgladiator,1,1,1
watergenievsundeadmermaidgladiator,1,1,1
watergenievsundeadmermaidgladiator,1,1,1
watergenievsundeadmermaidgladiator,1,1,4
watergenievsundeadmermaidgladiator,2,2,1
watergenievsundeadmermaidgladiator,2,2,1
watergenievsundeadmermaidgladiator,2,2,1
watergenievsundeadmermaidgladiator,0,1,2
watergenievsundeadmermaidgladiator,0,2,3
watergenievsundeadmermaidgladiator,0,3,2
watergenievsundeadmermaidgladiator,1,3,2
watergenievsundeadmermaidgladiator,2,4,1
watergenievsundeadmermaidgladiator,0,4,2
watergenievsundeadmermaidgladiator,0,5,2
watergenievsundeadmermaidgladiator,0,6,1
onelasttribute,1,0,1
onelasttribute,0,1,6
onelasttribute,1,2,3
onelasttribute,1,2,2
onelasttribute,2,3,1
onelasttribute,1,2,2
onelasttribute,0,2,2
onelasttribute,1,2,3
onelasttribute,2,3,1
onelasttribute,2,3,2
onelasttribute,3,4,1
riverofstars,0,0,2
riverofstars,0,1,4
riverofstars,1,1,4
riverofstars,2,2,1
riverofstars,1,2,2
riverofstars,0,2,5
riverofstars,1,3,4
riverofstars,1,3,5
riverofstars,2,4,1
riverofstars,2,4,2
riverofstars,2,4,2
riverofstars,0,3,4
riverofstars,1,3,4
riverofstars,0,4,3
riverofstars,2,4,2
riverofstars,3,5,1
riverofstars,1,5,1
riverofstars,0,5,1
riverofstars,2,2,2
devilgutrook,0,0,1
devilgutrook,0,1,2
devilgutrook,1,2,1
devilgutrook,0,2,4
devilgutrook,1,3,1
devilgutrook,1,3,1
devilgutrook,0,3,2
devilgutrook,0,4,3
devilgutrook,0,5,3
devilgutrook,1,6,2
devilgutrook,0,6,4
devilgutrook,1,7,2
devilgutrook,2,8,1
devilgutrook,1,5,2
devilgutrook,2,6,2
devilgutrook,1,7,2
devilgutrook,0,7,5
devilgutrook,0,8,1
firstcasualty,0,0,1
firstcasualty,0,1,2
firstcasualty,0,2,3
firstcasualty,0,3,3
firstcasualty,1,4,2
firstcasualty,2,4,2
firstcasualty,1,3,2
firstcasualty,1,5,1
firstcasualty,0,4,3
firstcasualty,0,5,1
akingwithnocrown,0,0,1
akingwithnocrown,0,1,4
akingwithnocrown,1,2,3
akingwithnocrown,1,2,5
akingwithnocrown,1,2,5
akingwithnocrown,2,2,2
akingwithnocrown,1,3,3
akingwithnocrown,2,2,3
akingwithnocrown,2,4,2
akingwithnocrown,1,3,4
akingwithnocrown,3,3,1
akingwithnocrown,3,5,1
akingwithnocrown,0,2,4
akingwithnocrown,0,3,4
akingwithnocrown,1,4,2
akingwithnocrown,0,4,2
fungalinfection,0,0,2
fungalinfection,0,1,6
fungalinfection,1,2,1
fungalinfection,1,1,2
fungalinfection,1,2,3
fungalinfection,1,2,2
fungalinfection,1,2,3
fungalinfection,0,2,3
deepinpurpleworm,0,0,1
deepinpurpleworm,0,1,2
deepinpurpleworm,0,2,2
deepinpurpleworm,0,4,3
deepinpurpleworm,0,3,2
deepinpurpleworm,1,5,1
deepinpurpleworm,0,5,2
deepinpurpleworm,0,6,4
deepinpurpleworm,1,7,1
deepinpurpleworm,1,7,1
deepinpurpleworm,0,7,3
deepinpurpleworm,0,8,1
deepinpurpleworm,1,9,1
deepinpurpleworm,1,8,4
deepinpurpleworm,2,9,1
deepinpurpleworm,2,9,2
deepinpurpleworm,2,9,3
deepinpurpleworm,3,10,1
deepinpurpleworm,3,10,3
deepinpurpleworm,4,11,3
deepinpurpleworm,4,11,3
deepinpurpleworm,4,11,3
deepinpurpleworm,3,10,2
intowormsgullet,0,0,1
intowormsgullet,0,1,4
intowormsgullet,0,2,3
intowormsgullet,1,2,3
intowormsgullet,1,2,4
intowormsgullet,0,3,5
intowormsgullet,1,4,1
intowormsgullet,0,4,3
intowormsgullet,1,5,1
intowormsgullet,0,5,1
caveofkullcove,0,0,3
caveofkullcove,1,1,2
caveofkullcove,1,1,4
caveofkullcove,2,2,1
caveofkullcove,0,1,6
caveofkullcove,1,2,1
caveofkullcove,1,2,2
caveofkullcove,1,2,2
caveofkullcove,0,2,3
caveofkullcove,1,3,1
caveofkullcove,0,3,2
caveofkullcove,0,4,3
caveofkullcove,1,5,2
caveofkullcove,2,6,1
caveofkullcove,0,5,3
caveofkullcove,1,6,1
caveofkullcove,0,6,2
caveofkullcove,0,7,1
heartofminotaur,0,0,2
heartofminotaur,0,1,3
heartofminotaur,1,1,4
heartofminotaur,1,2,3
heartofminotaur,2,3,1
heartofminotaur,2,3,1
heartofminotaur,0,2,3
heartofminotaur,0,3,2
heartofminotaur,0,4,4
heartofminotaur,1,5,2
heartofminotaur,0,5,3
heartofminotaur,1,5,3
heartofminotaur,0,6,2
heartofminotaur,0,7,1
bastionofboglings,0,0,6
bastionofboglings,1,1,2
bastionofboglings,1,1,3
bastionofboglings,1,1,6
bastionofboglings,1,1,3
bastionofboglings,0,1,5
bastionofboglings,1,1,3
bastionofboglings,2,2,5
bastionofboglings,2,2,1
bastionofboglings,1,2,3
bastionofboglings,1,2,3
bastionofboglings,2,2,2
bastionofboglings,2,3,5
bastionofboglings,2,2,2
bastionofboglings,3,3,5
bastionofboglings,3,3,5
bastionofboglings,3,3,4
bastionofboglings,4,4,1
bastionofboglings,4,4,2
bastionofboglings,4,5,1
bastionofboglings,4,4,2
bastionofboglings,3,4,5
bastionofboglings,3,4,2
bastionofboglings,1,3,3
bastionofboglings,0,2,5
bastionofboglings,0,3,2
bastionofboglings,2,2,4
bellyofbeast,0,0,1
bellyofbeast,0,1,2
bellyofbeast,0,2,3
bellyofbeast,1,3,2
bellyofbeast,0,3,2
bellyofbeast,0,4,2
bellyofbeast,1,5,2
bellyofbeast,4,5,2
bellyofbeast,3,6,2
bellyofbeast,3,4,2
bellyofbeast,2,3,3
bellyofbeast,3,4,2
bellyofbeast,3,5,3
bellyofbeast,2,4,2
bellyofbeast,1,2,3
bellyofbeast,2,3,2
bellyofbeast,3,4,2
bellyofbeast,4,5,2
bellyofbeast,5,6,1
bellyofbeast,2,6,3
bellyofbeast,3,7,2
bellyofbeast,4,8,2
bellyofbeast,5,7,2
bellyofbeast,4,6,2
verminhollow,0,0,1
verminhollow,0,1,2
verminhollow,0,2,4
verminhollow,1,3,2
verminhollow,2,4,2
verminhollow,2,4,2
verminhollow,1,3,3
verminhollow,0,3,3
verminhollow,1,4,2
verminhollow,0,4,1
velthcityoftraitors,0,0,1
velthcityoftraitors,0,1,4
velthcityoftraitors,1,2,2
velthcityoftraitors,1,2,1
velthcityoftraitors,0,2,3
velthcityoftraitors,0,3,3
velthcityoftraitors,1,4,1
velthcityoftraitors,0,4,4
velthcityoftraitors,1,5,2
velthcityoftraitors,2,6,4
velthcityoftraitors,3,7,2
velthcityoftraitors,3,7,2
velthcityoftraitors,1,6,2
velthcityoftraitors,2,6,2
velthcityoftraitors,1,5,3
velthcityoftraitors,3,7,2
velthcityoftraitors,2,7,3
velthcityoftraitors,1,6,2
velthcityoftraitors,0,5,4
velthcityoftraitors,0,6,1
citadelofevil,0,0,3
citadelofevil,1,1,1
citadelofevil,1,1,1
citadelofevil,0,1,3
citadelofevil,1,2,2
citadelofevil,0,2,3
citadelofevil,1,3,3
citadelofevil,0,3,4
citadelofevil,1,4,3
citadelofevil,2,5,1
citadelofevil,0,4,3
citadelofevil,0,5,2
citadelofevil,0,6,2
citadelofevil,0,7,9
citadelofevil,1,8,1
citadelofevil,1,8,1
citadelofevil,1,8,1
citadelofevil,1,8,1
citadelofevil,1,8,1
citadelofevil,1,8,1
citadelofevil,0,8,2
citadelofevil,1,8,2
citadelofevil,2,9,2
citadelofevil,1,9,2
citadelofevil,0,9,3
citadelofevil,0,10,1
raidonblackgoatwood,0,0,1
raidonblackgoatwood,0,1,2
raidonblackgoatwood,0,2,2
raidonblackgoatwood,1,2,2
raidonblackgoatwood,0,3,4
raidonblackgoatwood,0,4,1
raidonblackgoatwood,1,4,1
trollswillbetrolls,0,0,2
trollswillbetrolls,0,1,3
trollswillbetrolls,1,2,3
trollswillbetrolls,0,2,3
trollswillbetrolls,0,3,2
trollswillbetrolls,0,4,3
trollswillbetrolls,1,3,6
trollswillbetrolls,2,2,2
trollswillbetrolls,1,3,4
trollswillbetrolls,2,2,4
trollswillbetrolls,2,3,2
trollswillbetrolls,1,1,5
trollswillbetrolls,2,2,1
mine!notyours,0,0,4
mine!notyours,1,1,1
mine!notyours,1,1,1
mine!notyours,0,1,4
mine!notyours,1,2,1
mine!notyours,1,3,3
mine!notyours,2,4,2
mine!notyours,3,5,1
mine!notyours,0,2,5
mine!notyours,1,3,1
mine!notyours,0,3,2
mine!notyours,1,1,2
mine!notyours,0,4,2
mine!notyours,0,5,1
ruinationoftenamen,0,0,1
ruinationoftenamen,0,1,5
ruinationoftenamen,1,2,1
ruinationoftenamen,0,2,5
ruinationoftenamen,0,3,4
ruinationoftenamen,1,3,3
ruinationoftenamen,1,3,5
ruinationoftenamen,1,3,4
ruinationoftenamen,0,4,6
ruinationoftenamen,1,2,5
ruinationoftenamen,2,3,3
ruinationoftenamen,2,3,5
ruinationoftenamen,3,3,3
ruinationoftenamen,1,3,3
ruinationoftenamen,1,2,2
ruinationoftenamen,2,3,3
ruinationoftenamen,3,4,1
ruinationoftenamen,3,4,3
ruinationoftenamen,3,5,2
ruinationoftenamen,2,5,4
ruinationoftenamen,1,5,4
ruinationoftenamen,2,4,4
ruinationoftenamen,2,6,2
dungeonfromadistantstar,0,0,3
dungeonfromadistantstar,1,2,1
dungeonfromadistantstar,1,1,1
dungeonfromadistantstar,1,1,1
dungeonfromadistantstar,0,1,5
dungeonfromadistantstar,1,2,1
dungeonfromadistantstar,1,2,1
dungeonfromadistantstar,0,2,3
dungeonfromadistantstar,1,3,1
dungeonfromadistantstar,0,3,3
dungeonfromadistantstar,1,4,1
dungeonfromadistantstar,0,4,3
dungeonfromadistantstar,0,5,3
dungeonfromadistantstar,1,6,1
dungeonfromadistantstar,1,5,4
dungeonfromadistantstar,2,6,1
dungeonfromadistantstar,2,6,1
dungeonfromadistantstar,2,6,1
dungeonfromadistantstar,1,6,2
dungeonfromadistantstar,2,7,4
dungeonfromadistantstar,3,8,1
dungeonfromadistantstar,3,8,2
dungeonfromadistantstar,3,8,2
interpolated1,*,*,*
interpolated1,*,*,*
interpolated1,*,*,*
interpolated1,*,*,*
interpolated2,*,*,*
interpolated2,*,*,*
interpolated2,*,*,*
interpolated2,*,*,*
interpolated3,*,*,*
interpolated3,*,*,*
interpolated3,*,*,*
interpolated3,*,*,*
interpolated3,*,*,*
interpolated3,*,*,*
interpolated3,*,*,*
interpolated3,*,*,*
interpolated3,*,*,*
interpolated3,*,*,*
interpolated3,*,*,*
interpolated3,*,*,*
interpolated3,*,*,*
interpolated3,*,*,*
interpolated3,*,*,*
interpolated3,*,*,*
interpolated3,*,*,*
interpolated3,*,*,*
interpolated3,*,*,*
interpolated3,*,*,*
interpolated3,*,*,*
interpolated4,*,*,*
interpolated4,*,*,*
interpolated4,*,*,*
interpolated4,*,*,*
interpolated4,*,*,*
interpolated4,*,*,*
interpolated4,*,*,*
interpolated4,*,*,*
interpolated4,*,*,*
interpolated4,*,*,*
interpolated4,*,*,*
interpolated4,*,*,*
interpolated4,*,*,*
interpolated4,*,*,*
interpolated4,*,*,*
interpolated4,*,*,*
interpolated4,*,*,*
interpolated4,*,*,*
interpolated4,*,*,*
interpolated4,*,*,*
interpolated4,*,*,*
interpolated5,*,*,*
interpolated5,*,*,*
interpolated5,*,*,*
interpolated5,*,*,*
interpolated5,*,*,*
interpolated5,*,*,*
interpolated5,*,*,*
interpolated5,*,*,*
interpolated5,*,*,*
interpolated5,*,*,*
interpolated5,*,*,*
interpolated5,*,*,*
interpolated5,*,*,*
interpolated5,*,*,*
interpolated5,*,*,*
interpolated5,*,*,*
interpolated5,*,*,*
interpolated5,*,*,*
interpolated5,*,*,*
interpolated5,*,*,*
interpolated5,*,*,*
interpolated5,*,*,*
interpolated5,*,*,*
interpolated5,*,*,*
interpolated6,*,*,*
interpolated6,*,*,*
interpolated6,*,*,*
interpolated6,*,*,*
interpolated6,*,*,*
interpolated6,*,*,*
interpolated6,*,*,*
interpolated6,*,*,*
interpolated6,*,*,*
interpolated6,*,*,*
interpolated6,*,*,*
interpolated6,*,*,*
interpolated6,*,*,*
interpolated6,*,*,*
interpolated6,*,*,*
interpolated6,*,*,*
interpolated6,*,*,*
interpolated6,*,*,*
interpolated6,*,*,*
interpolated6,*,*,*
interpolated6,*,*,*
interpolated6,*,*,*
interpolated6,*,*,*
interpolated6,*,*,*
interpolated6,*,*,*
interpolated7,*,*,*
interpolated7,*,*,*
interpolated7,*,*,*
interpolated7,*,*,*
interpolated7,*,*,*
interpolated7,*,*,*
interpolated7,*,*,*
interpolated7,*,*,*
interpolated7,*,*,*
interpolated7,*,*,*
interpolated7,*,*,*
interpolated7,*,*,*
interpolated7,*,*,*
interpolated7,*,*,*
interpolated7,*,*,*
interpolated7,*,*,*
interpolated7,*,*,*
interpolated7,*,*,*
interpolated7,*,*,*
interpolated7,*,*,*
interpolated8,*,*,*
interpolated8,*,*,*
interpolated8,*,*,*
interpolated8,*,*,*
interpolated8,*,*,*
interpolated8,*,*,*
interpolated8,*,*,*
interpolated8,*,*,*
interpolated8,*,*,*
interpolated8,*,*,*
interpolated8,*,*,*
interpolated8,*,*,*
interpolated8,*,*,*
interpolated8,*,*,*
interpolated8,*,*,*
interpolated8,*,*,*
interpolated8,*,*,*
interpolated8,*,*,*
interpolated8,*,*,*
interpolated8,*,*,*
interpolated8,*,*,*
interpolated8,*,*,*
interpolated8,*,*,*
interpolated9,*,*,*
interpolated9,*,*,*
interpolated9,*,*,*
interpolated9,*,*,*
interpolated9,*,*,*
interpolated9,*,*,*
interpolated9,*,*,*
interpolated9,*,*,*
interpolated9,*,*,*
interpolated9,*,*,*
interpolated9,*,*,*
interpolated9,*,*,*
interpolated9,*,*,*
interpolated9,*,*,*
interpolated9,*,*,*
interpolated9,*,*,*
interpolated9,*,*,*
interpolated9,*,*,*
interpolated9,*,*,*
interpolated9,*,*,*
interpolated10,*,*,*
interpolated10,*,*,*
interpolated10,*,*,*
interpolated10,*,*,*
interpolated10,*,*,*
interpolated10,*,*,*
interpolated10,*,*,*
interpolated10,*,*,*
interpolated10,*,*,*
interpolated10,*,*,*
interpolated10,*,*,*
interpolated10,*,*,*
interpolated10,*,*,*
interpolated10,*,*,*
interpolated10,*,*,*
interpolated10,*,*,*
interpolated10,*,*,*
interpolated10,*,*,*
interpolated10,*,*,*
interpolated10,*,*,*
interpolated10,*,*,*
interpolated10,*,*,*
interpolated10,*,*,*
interpolated10,*,*,*
interpolated10,*,*,*
interpolated10,*,*,*
interpolated10,*,*,*